Cg,logD
0.5982068965517241,1.1133752536896553
0.8451864406779662,1.2934675683559322
