Cg,logD
0.6082758620689654,1.0932914342586206
0.8201186440677967,1.2209708479661014
