Cg,logD
0.6201206896551725,1.0459503765862068
0.8493898305084746,1.1499028763050847
