Cg,logD
0.6543793103448274,1.2674635092068967
0.8391694915254237,1.208986967440678
