Cg,logD
0.6365172413793104,1.304410707482759
0.8257118644067798,1.151203375118644
