Cg,logD
0.598396551724138,1.1492749130344826
0.8339830508474576,1.148487310711864
