Cg,logD
0.5932586206896553,1.0119799177931035
0.8413728813559321,1.1644166909152545
