Cg,logD
0.6157241379310344,1.1305518379482757
0.8142372881355934,1.2325919459830506
