Cg,logD
0.5968620689655174,1.0767281265344826
0.8283220338983053,1.2088857513050848
