Cg,logD
0.5942413793103448,1.1420092456724138
0.8383220338983052,1.215072171966102
