Cg,logD
0.6317413793103447,1.0172706431034482
0.8468983050847457,1.1488870737457628
