Cg,logD
0.616103448275862,0.9945449626724134
0.8285084745762713,1.1244253729152542
