Cg,logD
0.6158448275862068,1.215026716672414
0.8674237288135594,1.2241014508983052
