Cg,logD
0.6413275862068964,0.9961972714310344
0.8681694915254239,1.129113568440678
