Cg,logD
0.5814999999999999,0.9529866769482759
0.8485593220338984,1.1785797616101694
