Cg,logD
0.6159827586206897,1.1784545864827585
0.8410677966101697,1.2099870200847456
