Cg,logD
0.6102241379310345,0.9844210518275863
0.8377288135593222,1.3293257140508472
