Cg,logD
0.5807586206896552,1.075062270362069
0.8327288135593223,1.1920955412881358
