Cg,logD
0.5982068965517241,1.136625445344828
0.845677966101695,1.1361816185762712
