Cg,logD
0.5856551724137931,1.1280641213448275
0.8345593220338984,1.2347482234067795
