Cg,logD
0.6133620689655174,1.0752436309310345
0.8410338983050848,1.1288595543220337
