Cg,logD
0.603396551724138,0.957820039586207
0.8325593220338982,1.174375698338983
