Cg,logD
0.6187413793103447,1.047111527551724
0.8309830508474576,1.1718312313728814
