Cg,logD
0.6055862068965516,1.199473490862069
0.8638305084745762,1.2023652517796612
