Cg,logD
0.6177586206896551,1.0278983220862068
0.8572542372881357,1.1784456374915258
