Cg,logD
0.6094310344827586,1.0979273441206896
0.846169491525424,1.1570960576101694
