Cg,logD
0.6128620689655172,1.0724435783965516
0.8319491525423729,1.2074777529152543
