Cg,logD
0.6222241379310345,1.1350996993103448
0.843576271186441,1.2076208851864405
