Cg,logD
0.6392586206896552,1.3112718699310344
0.8302372881355934,1.2071822411186441
