Cg,logD
0.6100172413793103,1.1311922039310345
0.8415932203389831,1.2247868752033897
