Cg,logD
0.6147758620689655,1.0838862783448275
0.851491525423729,1.2021026977118643
