Cg,logD
0.5907758620689655,1.0537050635172414
0.8336949152542371,1.2485395576610168
