Cg,logD
0.6196034482758621,1.2041347545172412
0.8401355932203389,1.1742463507118646
