Cg,logD
0.6135862068965519,1.234258160965517
0.8453050847457627,1.1325843067288137
