Cg,logD
0.6114655172413792,1.1461466219655174
0.8629830508474575,1.1463588681525427
