Cg,logD
0.624206896551724,1.1061943064827586
0.849576271186441,1.207912769338983
