Cg,logD
0.6128103448275862,1.1084523055517241
0.8438813559322035,1.159850529355932
