Cg,logD
0.6137758620689656,1.1109496042068967
0.8552881355932206,1.2735147124067798
