Cg,logD
0.6252758620689653,1.141746783724138
0.8319999999999997,1.1834402699661015
