Cg,logD
0.6191034482758622,1.1249289433965517
0.8488983050847457,1.1662691529830507
