Cg,logD
0.6156551724137931,1.0304106545689655
0.8614237288135596,1.2701301662203388
