Cg,logD
0.6104999999999999,1.1069511857413794
0.837898305084746,1.2931311913728814
