Cg,logD
0.6062413793103448,0.9856200999310344
0.8364406779661017,1.2532710866779662
