Cg,logD
0.6122068965517241,1.122296010775862
0.853406779661017,1.168013304864407
