Cg,logD
0.6127241379310343,1.1207673914827585
0.8509322033898306,1.1457408206779662
