Cg,logD
0.5871206896551724,0.9307917524482757
0.8401016949152544,1.279518907983051
