Cg,logD
0.6168965517241378,1.1918132362931035
0.8557288135593221,1.2712933516101694
