Cg,logD
0.5885344827586206,1.1932615435344827
0.8373389830508475,1.2392639751016947
