Cg,logD
0.6230172413793104,1.1152671757413792
0.8635084745762711,1.3397838844237289
