Cg,logD
0.5805862068965516,1.1960879253793104
0.8537796610169491,1.2057148338474573
