Cg,logD
0.6047931034482759,1.093331737137931
0.8333898305084746,1.2561440742711862
