Cg,logD
0.6070862068965518,0.9914547802413792
0.8269661016949154,1.3074450706610172
