Cg,logD
0.6077586206896551,1.0656823190344826
0.8341186440677967,1.2637789708983054
