Cg,logD
0.6013620689655174,1.0406859329310345
0.8309830508474576,1.2231011696949154
