Cg,logD
0.6113965517241379,1.1012736394310345
0.8388474576271184,1.0795409244745762
