Cg,logD
0.6226379310344827,0.9587121447758623
0.850542372881356,1.1729272787796612
