Cg,logD
0.6198448275862067,1.190024052034483
0.8426271186440677,1.2229122264067795
