Cg,logD
0.6063620689655169,1.060825829965517
0.8415762711864406,1.1804978144237288
