Cg,logD
0.6166379310344825,1.0556205345517242
0.8313050847457627,1.2023316293050847
