Cg,logD
0.5962931034482759,1.0025666824310344
0.8394237288135593,1.1674499275084746
