Cg,logD
0.621293103448276,1.0466310201551723
0.8310169491525424,1.263913632559322
