Cg,logD
0.608948275862069,1.185157029396552
0.8419491525423731,1.2708149968474571
