Cg,logD
0.5982068965517241,1.0248395405
0.8218983050847457,1.2438640978474578
