Cg,logD
0.5942758620689655,1.0644845992413792
0.8597627118644068,1.195531222966102
