Cg,logD
0.6334827586206897,1.1311455306551723
0.814491525423729,1.304077569440678
