Cg,logD
0.6269482758620692,0.9829369437758619
0.8758474576271186,1.267624735525424
