Cg,logD
0.6235344827586207,1.0573402301206896
0.8385932203389831,1.0988712060508476
