Cg,logD
0.6250689655172412,1.0674313914827585
0.822949152542373,1.2320600099491523
