Cg,logD
0.622396551724138,0.9874195143448276
0.8411355932203392,1.1876693807796612
