Cg,logD
0.6046379310344827,1.1305784326896553
0.8668983050847459,1.1611177456101696
