Cg,logD
0.6076724137931033,1.0156469029655173
0.8566949152542374,1.1313389963728815
