Cg,logD
0.5951724137931034,1.0786760786551726
0.8408644067796611,1.15962514620339
