Cg,logD
0.6234310344827586,1.044284788327586
0.854135593220339,1.1992383074576274
