Cg,logD
0.617603448275862,1.0704428030000002
0.828627118644068,1.2407186002881356
