Cg,logD
0.6189482758620689,1.1875885157068964
0.8326779661016949,1.1033158586271188
