Cg,logD
0.6100689655172414,1.2905605428275864
0.8491355932203393,1.225680317576271
