Cg,logD
0.6179655172413793,1.243583248586207
0.8310677966101695,1.1863282513898301
