Cg,logD
0.6132413793103448,1.1817265380344828
0.8470677966101697,1.2483063469999998
