Cg,logD
0.595396551724138,1.0618719384655173
0.8549322033898304,1.1571213979491526
