Cg,logD
0.6086206896551725,1.0413714229137931
0.8370847457627121,1.2097258498474572
