Cg,logD
0.6255517241379311,1.2564873243275863
0.8303898305084747,1.3382452099830509
