Cg,logD
0.6100517241379311,1.1299443182931035
0.8332881355932203,1.2157956782203387
