Cg,logD
0.6272241379310346,1.2547702213448277
0.8459322033898307,1.2053822570508474
