Cg,logD
0.6197758620689655,0.9596950371551723
0.8578135593220341,1.271171924016949
