Cg,logD
0.6161379310344828,1.0307224113275861
0.8434745762711865,1.1911948791016949
