Cg,logD
0.602948275862069,1.1538964071896554
0.8306610169491524,1.3014501367796607
