Cg,logD
0.5963103448275862,1.1364267398620689
0.8483050847457627,1.1566264309830507
