Cg,logD
0.623396551724138,1.1633356956379308
0.8247627118644066,1.204111729525424
