Cg,logD
0.5921896551724138,0.9924319342758622
0.8465593220338982,1.1809059851525423
