Cg,logD
0.6006206896551723,1.0678275667931034
0.8529661016949153,1.2022762928474575
