Cg,logD
0.6214827586206895,1.188464666293103
0.8399661016949153,1.1452883127118643
