Cg,logD
0.6188965517241379,0.9894306601551723
0.8423728813559324,1.2397067856610169
