Cg,logD
0.6018448275862068,1.0475582494827587
0.8368983050847458,1.2524354058644067
