Cg,logD
0.6110862068965519,1.157477510224138
0.8324745762711862,1.2305555364237288
