Cg,logD
0.634,1.1229237468103448
0.8264406779661019,1.1781503638305084
