Cg,logD
0.6033275862068967,1.1373271117586208
0.8181525423728814,1.1733313889491521
