Cg,logD
0.5945517241379311,1.2024077242068967
0.840966101694915,1.2540515060169495
