Cg,logD
0.6338448275862069,1.235735626189655
0.8454576271186444,1.2108005633220336
