Cg,logD
0.6233965517241379,1.1231812479655174
0.8663728813559325,1.1616507613728813
