Cg,logD
0.5970344827586205,1.0002156475862067
0.8367966101694916,1.1817747381355934
